Method,Number of Segments,Silhouette Score
RFM Segments,8,0.0014602822941783152
K-Means,3,0.4500874257867829
Hierarchical,3,0.3696717514467237
